Student,Feedback,Positivity_Level
John Smith,"Great job on the exam! You clearly understood the material and demonstrated excellent problem-solving skills.",Positive
Emily Johnson,"Your performance on the exam was satisfactory. You showed understanding of most concepts, but there is room for improvement in certain areas.",Neutral
Michael Davis,"Your exam results were disappointing. It seems you struggled with several key concepts and made avoidable mistakes.",Negative
Sophia Martinez,"You excelled on the exam! Your answers were thorough and well-reasoned, showcasing a deep understanding of the material.",Positive
Daniel Brown,"Your exam performance was below expectations. It appears that you may need to review the material more thoroughly and seek additional help if necessary.",Negative
Olivia Wilson,"You did reasonably well on the exam, but there were some areas where improvement is needed. Consider seeking clarification on concepts you find challenging.",Neutral
Emma Taylor,"Congratulations on your outstanding performance on the exam! Your grasp of the material and ability to apply it to solve problems is truly impressive.",Positive
Matthew Anderson,"Your exam results indicate a solid understanding of the material. Keep up the good work and continue to strive for excellence in your studies.",Positive
Ava Thomas,"While your exam performance was decent, there are areas where you could improve. Consider seeking extra practice or assistance to strengthen your understanding.",Neutral
William Jackson,"Your exam results show a need for improvement. Make sure to review the material thoroughly and seek help if you're struggling with any concepts.",Negative
Mia White,"Excellent work on the exam! You demonstrated a strong understanding of the material and applied it effectively to answer the questions.",Positive
Alexander Harris,"Your performance on the exam was average. Focus on identifying areas where you can improve and work on strengthening your understanding of those concepts.",Neutral
Samantha Martin,"Your exam results were disappointing. It's important to review the material thoroughly and seek clarification on any concepts you find challenging.",Negative
David Thompson,"Great job on the exam! Your answers were well-structured and demonstrated a clear understanding of the material.",Positive
Sophie Garcia,"Your performance on the exam was satisfactory. Make sure to review any mistakes you made and seek help if you're unsure about any concepts.",Neutral
James Martinez,"Your exam results indicate a need for improvement. Take the time to review the material thoroughly and seek assistance if necessary to strengthen your understanding.",Negative
Charlotte Robinson,"You did well on the exam, but there is room for improvement. Consider seeking additional practice or assistance to enhance your understanding of the material.",Neutral
Joseph Rodriguez,"Your performance on the exam was below expectations. Make sure to review the material thoroughly and seek help if you're struggling with any concepts.",Negative
Amelia Smith,"Congratulations on your exceptional performance on the exam! Your understanding of the material and ability to apply it to solve problems is truly commendable.",Positive
Benjamin Johnson,"Your exam results indicate a solid understanding of the material. Keep up the good work and continue to strive for excellence in your studies.",Positive
Harper Brown,"While your exam performance was decent, there are areas where you could improve. Consider seeking extra practice or assistance to strengthen your understanding.",Neutral
Ethan Wilson,"Your exam results show a need for improvement. Make sure to review the material thoroughly and seek help if you're struggling with any concepts.",Negative
Evelyn Jones,"Excellent work on the exam! You demonstrated a strong understanding of the material and applied it effectively to answer the questions.",Positive
Daniel Garcia,"Your performance on the exam was average. Focus on identifying areas where you can improve and work on strengthening your understanding of those concepts.",Neutral
Madison Martinez,"Your exam results were disappointing. It's important to review the material thoroughly and seek clarification on any concepts you find challenging.",Negative
Michael Thompson,"Great job on the exam! Your answers were well-structured and demonstrated a clear understanding of the material.",Positive
Student,Feedback,Positivity_Level
Liam Davis,"Your exam performance was outstanding! You demonstrated a thorough understanding of the material and applied it effectively to solve complex problems.",Positive
Isabella Wilson,"Your performance on the exam was commendable. You showed a solid grasp of the material, but there are areas where you could further improve with practice.",Neutral
Jacob Garcia,"Your exam results were below expectations. It's crucial to review the material thoroughly and seek assistance if you're struggling with any concepts.",Negative
Mia Thomas,"Congratulations on your excellent performance on the exam! Your understanding of the material and ability to apply it in different contexts is impressive.",Positive
William Taylor,"Your performance on the exam was satisfactory. Make sure to review any mistakes and seek clarification on concepts you find challenging.",Neutral
Sophia Martinez,"Your exam results indicate a need for improvement. Take the time to review the material thoroughly and seek help if necessary to strengthen your understanding.",Negative
Benjamin Rodriguez,"Great job on the exam! You demonstrated a strong understanding of the material and provided well-reasoned answers to the questions.",Positive
Olivia Brown,"Your performance on the exam was average. Focus on identifying areas where you can improve and work on strengthening your understanding of those concepts.",Neutral
Michael White,"Your exam results were disappointing. It's crucial to review the material thoroughly and seek clarification on any concepts you find challenging.",Negative
Emily Smith,"You performed exceptionally well on the exam! Your answers were clear and concise, showcasing a deep understanding of the material.",Positive
James Johnson,"Your performance on the exam was satisfactory. Make sure to review any mistakes and seek clarification on concepts you find challenging.",Neutral
Emma Martinez,"Your exam results indicate a need for improvement. Take the time to review the material thoroughly and seek help if necessary to strengthen your understanding.",Negative
Alexander Thomas,"Great job on the exam! You demonstrated a strong understanding of the material and provided well-reasoned answers to the questions.",Positive
Charlotte Davis,"Your performance on the exam was average. Focus on identifying areas where you can improve and work on strengthening your understanding of those concepts.",Neutral
Daniel Garcia,"Your exam results were disappointing. It's crucial to review the material thoroughly and seek clarification on any concepts you find challenging.",Negative
Ava Robinson,"You performed exceptionally well on the exam! Your answers were clear and concise, showcasing a deep understanding of the material.",Positive
Ethan Wilson,"Your performance on the exam was satisfactory. Make sure to review any mistakes and seek clarification on concepts you find challenging.",Neutral
Sophia Brown,"Your exam results indicate a need for improvement. Take the time to review the material thoroughly and seek help if necessary to strengthen your understanding.",Negative
Oliver Martinez,"Great job on the exam! You demonstrated a strong understanding of the material and provided well-reasoned answers to the questions.",Positive
Student,Feedback,Positivity_Level
Emma Smith,"Excellent work on the exam! Your understanding of the material shines through in your well-crafted answers. Keep up the great work.",Positive
Noah Johnson,"Your performance on the exam was satisfactory. While you demonstrated a basic understanding of the material, there's room for improvement in your problem-solving skills.",Neutral
Ava Brown,"Your exam results were below expectations. It's important to review the material thoroughly and seek additional help to strengthen your understanding.",Negative
Liam Davis,"Congratulations on your exceptional performance on the exam! Your depth of knowledge and ability to analyze complex problems is truly impressive.",Positive
Olivia Wilson,"Your performance on the exam was decent. Consider seeking extra practice or assistance to improve your understanding of certain concepts.",Neutral
Elijah Martinez,"Your exam results indicate a need for improvement. Take the time to review the material carefully and seek clarification on any challenging concepts.",Negative
Sophia Taylor,"Outstanding job on the exam! Your comprehensive understanding of the material is evident in your insightful responses. Keep up the excellent work.",Positive
Mason Garcia,"Your performance on the exam was average. Focus on honing your understanding of key concepts to improve your overall score in future assessments.",Neutral
Charlotte Robinson,"Your exam results were disappointing. It's crucial to review the material thoroughly and seek assistance if you're struggling to grasp certain concepts.",Negative
Amelia Johnson,"Impressive performance on the exam! Your ability to apply theoretical knowledge to practical scenarios sets you apart. Keep striving for excellence.",Positive
William Smith,"Your performance on the exam was adequate. Consider revisiting the material to reinforce your understanding of challenging topics.",Neutral
James Brown,"Your exam results indicate areas where improvement is needed. Take the opportunity to seek clarification and deepen your understanding of the material.",Negative
Sophia Martinez,"Well done on the exam! Your thoughtful responses demonstrate a strong grasp of the material and critical thinking skills.",Positive
Daniel Thomas,"Your performance on the exam was satisfactory. Focus on identifying areas where you can improve and seek additional resources to strengthen your knowledge.",Neutral
Oliver Garcia,"Your exam results were below expectations. It's important to reflect on your performance and make a concerted effort to improve in future assessments.",Negative
Isabella Davis,"Exceptional job on the exam! Your analytical abilities and clear communication of ideas reflect a deep understanding of the material.",Positive
Ethan Wilson,"Your performance on the exam was decent. Consider reviewing the material more thoroughly to ensure a better understanding of key concepts.",Neutral
Ava Martinez,"Your exam results suggest areas where improvement is needed. Take the time to revisit challenging topics and seek assistance as needed.",Negative
Mia Thompson,"Great job on the exam! Your comprehensive understanding of the material is evident in your well-structured responses.",Positive
Student,Feedback,Positivity_Level
Elijah Rodriguez,"Your performance on the exam was exemplary! Your thorough understanding of the material is evident in your detailed responses. Keep up the fantastic work.",Positive
Sophia Johnson,"Your exam performance was satisfactory. While you demonstrated a solid grasp of the material, there is room for improvement in certain areas. Keep pushing yourself to excel.",Neutral
William Martinez,"Your exam results fell short of expectations. It's crucial to revisit the material and seek assistance to strengthen your understanding of challenging concepts.",Negative
Ava Brown,"Congratulations on your outstanding performance on the exam! Your deep understanding of the material and ability to apply it to solve problems is truly impressive.",Positive
Oliver Taylor,"Your performance on the exam was adequate. Consider investing more time in practicing problem-solving techniques to improve your scores in future assessments.",Neutral
Isabella Garcia,"Your exam results indicate areas where improvement is needed. Take the opportunity to reflect on your performance and identify strategies for enhancement.",Negative
Liam Wilson,"Impressive work on the exam! Your ability to analyze complex problems and provide well-reasoned solutions showcases your strong grasp of the material.",Positive
Mia Martinez,"Your performance on the exam was average. Consider seeking additional resources or assistance to further enhance your understanding of challenging topics.",Neutral
Emma Thompson,"Your exam results were disappointing. It's important to identify areas of weakness and take proactive steps to address them through focused study and practice.",Negative
Ethan Davis,"Well done on the exam! Your clear and concise responses demonstrate a solid understanding of the material and effective application of concepts.",Positive
Charlotte Wilson,"Your performance on the exam was satisfactory. Focus on reviewing any mistakes made and seek clarification on concepts that are still unclear to you.",Neutral
Noah Brown,"Your exam results indicate areas where improvement is needed. Take the time to reflect on your performance and develop a plan for strengthening your understanding.",Negative
Sophia Taylor,"Outstanding job on the exam! Your thorough understanding of the material is evident in your insightful responses. Keep up the excellent work.",Positive
Matthew Garcia,"Your performance on the exam was satisfactory. Consider investing more time in practicing problem-solving techniques to improve your scores in future assessments.",Neutral
Emma Robinson,"Your exam results were below expectations. Take the opportunity to reflect on your performance and identify strategies for improvement in future assessments.",Negative
James Martinez,"Exceptional job on the exam! Your analytical skills and ability to apply theoretical knowledge to practical scenarios set you apart. Keep striving for excellence.",Positive
Daniel Johnson,"Your performance on the exam was adequate. Consider seeking additional resources or assistance to further enhance your understanding of challenging topics.",Neutral
Ava Martinez,"Your exam results indicate areas where improvement is needed. Take the time to review challenging topics and seek assistance as needed to strengthen your understanding.",Negative
Liam Thompson,"Great job on the exam! Your comprehensive understanding of the material is evident in your well-structured responses.",Positive
Student,Feedback,Positivity_Level
John Smith,"Great job on the exam! You clearly understood the material and demonstrated excellent problem-solving skills.",Positive
Emily Johnson,,Neutral
Michael Davis,"Your exam results were disappointing. It seems you struggled with several key concepts and made avoidable mistakes.",
Sophia Martinez,"You excelled on the exam! Your answers were thorough and well-reasoned, showcasing a deep understanding of the material.",
Daniel Brown,,Negative
Olivia Wilson,,Neutral
Emma Taylor,"Congratulations on your outstanding performance on the exam! Your grasp of the material and ability to apply it to solve problems is truly impressive.",Positive
Matthew Anderson,"Your exam results indicate a solid understanding of the material. Keep up the good work and continue to strive for excellence in your studies.",
Ava Thomas,,Neutral
William Jackson,"Your exam results show a need for improvement. Make sure to review the material thoroughly and seek help if you're struggling with any concepts.",Negative
Mia White,"Excellent work on the exam! You demonstrated a strong understanding of the material and applied it effectively to answer the questions.",Positive
Alexander Harris,,Neutral
Samantha Martin,"Your exam results were disappointing. It's important to review the material thoroughly and seek clarification on any concepts you find challenging.",Negative
David Thompson,"Great job on the exam! Your answers were well-structured and demonstrated a clear understanding of the material.",Positive
Sophie Garcia,,Neutral
James Martinez,"Your exam results indicate a need for improvement. Take the time to review the material thoroughly and seek help if necessary to strengthen your understanding.",Negative
Charlotte Robinson,,Neutral
Joseph Rodriguez,"Your performance on the exam was below expectations. Make sure to review the material thoroughly and seek help if you're struggling with any concepts.",Negative
Amelia Smith,"Congratulations on your exceptional performance on the exam! Your understanding of the material and ability to apply it to solve problems is truly commendable.",Positive
Benjamin Johnson,"Your exam results indicate a solid understanding of the material. Keep up the good work and continue to strive for excellence in your studies.",Positive
Harper Brown,"While your exam performance was decent, there are areas where you could improve. Consider seeking extra practice or assistance to strengthen your understanding.",Neutral
Ethan Wilson,"Your exam results show a need for improvement. Make sure to review the material thoroughly and seek help if you're struggling with any concepts.",Negative
Evelyn Jones,"Excellent work on the exam! You demonstrated a strong understanding of the material and applied it effectively to answer the questions.",Positive
Daniel Garcia,,Neutral
Madison Martinez,"Your exam results were disappointing. It's important to review the material thoroughly and seek clarification on any concepts you find challenging.",Negative
Michael Thompson,"Great job on the exam! Your answers were well-structured and demonstrated a clear understanding of the material.",Positive
